Product,Price,Stock
Sterling Silver Rhodium-plated CZ Two Stone Polished Ring,MSRP : $69.92
Sterling Silver Rhodium-plated CZ Two Stone Polished Bypass Ring,MSRP : $99.04
Sterling Silver Rhodium-plated Two Stone CZ Bypass Ring,MSRP : $87.84
Sterling Silver Rhodium-plated CZ Two Stone Polished Ring,MSRP : $123.32
Sterling Silver Rhodium-plated CZ Two Stone Round Bypass Ring,MSRP : $110.56
Couple's Ring,MSRP : $458.08
Diamond 2 Stone Ring Semi Mount,MSRP : $864.75
2-Stone Diamond Semi-Mount Rings,MSRP : $689.28
Diamond 2 Stone Ring Semi Mount,MSRP : $735.87
Diamond 2 Stone Ring Semi Mount,MSRP : $806.73
Diamond 2 Stone Ring Semi Mount,MSRP : $908.34
Sterling Silver Rhodium-plated CZ Two Stone Square Bypass Ring,MSRP : $111.88
Sterling Silver Rhodium-plated Overlap CZ Ring,MSRP : $117.28
